PolicyID,InNetworkProvider
CDP-CDCP-171336,Dr. Brown Neurology
CDP-CDCP-171336,Central City Hospital
CDP-CDCP-171336,Dr. Moore Oncology
CDP-CDCP-171336,St. John's Health
CDP-CDCP-171336,Specialty Treatment Center
CDP-CHS-501036,Regional Medical Center
CDP-CHS-501036,Dr. Brown Neurology
CDP-CHS-501036,Central City Hospital
CDP-CHS-501036,Specialty Treatment Center
CDP-CHS-501036,Dr. Moore Oncology
CDP-RWP-867534,Central City Hospital
CDP-RWP-867534,Regional Medical Center
CDP-RWP-867534,Wellness Center
CDP-RWP-867534,Dr. Miller Nephrology
CDP-RWP-867534,Dr. Johnson Cardiology
CDP-NC-355709,University Hospital
CDP-NC-355709,Dr. Johnson Cardiology
CDP-NC-355709,Family Health Clinic
CDP-NC-355709,Dr. Brown Neurology
CDP-NC-355709,Community Care Clinic
CDP-ADS-864979,Dr. Williams Pulmonology
CDP-ADS-864979,Family Health Clinic
CDP-ADS-864979,Dr. Moore Oncology
CDP-ADS-864979,Dr. Brown Neurology
CDP-ADS-864979,Dr. Miller Nephrology
CDP-RCA-783875,Dr. Miller Nephrology
CDP-RCA-783875,Dr. Davis Rheumatology
CDP-RCA-783875,Integrated Health Services
CDP-RCA-783875,Central City Hospital
CDP-RCA-783875,Dr. Brown Neurology
CDP-BJHP-038233,Dr. Wilson Orthopedics
CDP-BJHP-038233,St. John's Health
CDP-BJHP-038233,Dr. Smith Endocrinology
CDP-BJHP-038233,University Hospital
CDP-BJHP-038233,Dr. Davis Rheumatology
CDP-CCC-228385,Dr. Miller Nephrology
CDP-CCC-228385,St. John's Health
CDP-CCC-228385,Mercy Medical Center
CDP-CCC-228385,Dr. Brown Neurology
CDP-CCC-228385,Dr. Smith Endocrinology
