InvoiceNumber,InvoiceDate,LineNumber,LineDescription,LineTotal
INVC-26169,7/23/2019,1,Overage Charge,9005.11
INVC-13107,7/10/2021,2,Contract Termination Fee,3800.44
INVC-05424,5/6/2019,3,Shipping and Handling,9064.32
INVC-81335,9/19/2019,4,Product Sale,7261.93
INVC-10902,3/9/2021,5,Installation Fee,9780.23
INVC-87220,9/7/2019,6,Tax,7878.74
INVC-87838,5/4/2021,7,Contract Termination Fee,1228.48
INVC-29751,1/19/2019,8,Tax,2285.69
INVC-22280,1/3/2021,9,Contract Termination Fee,1692.24
INVC-73769,9/29/2021,10,Shipping and Handling,2575.42
INVC-28664,3/2/2020,11,Contract Termination Fee,7693.98
INVC-94792,9/3/2019,12,Early Payment Discount,8606.13
INVC-05896,9/20/2021,13,Consulting Fee,8460.45
INVC-79596,11/24/2020,14,Subscription Renewal,8550.22
INVC-01946,10/10/2021,15,Handling Fee,6834.39
INVC-77299,2/28/2020,16,Late Fee,108.38
INVC-00143,1/9/2020,17,Maintenance Fee,34.03
INVC-87265,11/30/2021,18,Service Fee,3829.06
INVC-44981,1/28/2021,19,Installation Fee,8477.65
INVC-46064,3/27/2019,20,Consulting Fee,6851.3
INVC-68201,3/9/2021,21,Discount,6842.98
INVC-84890,3/6/2020,22,Contract Termination Fee,4116.17
INVC-17894,8/14/2021,23,Handling Fee,9797.24
INVC-88326,6/16/2019,24,Custom Charge,7248.5
INVC-70956,6/21/2021,25,Maintenance Fee,1410.48
INVC-90771,7/28/2019,26,Subscription Renewal,5851.07
INVC-14432,5/22/2019,27,Refund,4351.52
INVC-67099,10/10/2019,28,Consulting Fee,5832.14
INVC-80998,2/25/2019,29,Adjustment,7765.24
INVC-24903,11/22/2019,30,Adjustment,3522.32
INVC-84818,1/15/2021,31,Overage Charge,1529.79
INVC-48233,7/27/2020,32,Refund,8588.88
INVC-86855,7/30/2020,33,Service Fee,739.24
INVC-78866,7/7/2021,34,Late Fee,3943.75
INVC-97880,4/10/2020,35,Subscription Fee,865.86
INVC-31443,5/27/2021,36,Handling Fee,8879.55
INVC-17829,6/2/2019,37,Subscription Renewal,8950.65
INVC-02729,4/28/2019,38,Installation Fee,7795.57
INVC-87198,2/18/2020,39,Refund,2962.8
INVC-41938,1/11/2021,40,Installation Fee,5634.7
INVC-63283,12/6/2020,41,Maintenance Fee,3810.79
INVC-48038,3/6/2021,42,Penalties,8219.97
INVC-01009,12/16/2021,43,Subscription Fee,9475.56
INVC-53348,4/16/2021,44,Adjustment,8727.13
INVC-09626,5/3/2020,45,Subscription Renewal,7110.75
INVC-76103,7/1/2021,46,Early Payment Discount,5479.08
INVC-84974,5/3/2019,47,Maintenance Fee,568.97
INVC-46947,8/9/2020,48,Service Fee,4359.01
INVC-71956,5/23/2019,49,Consulting Fee,8367.41
INVC-38370,11/11/2020,50,Early Payment Discount,2944.48
INVC-97423,3/17/2019,51,Late Fee,161.44
INVC-23705,8/23/2021,52,Installation Fee,6211.21
INVC-32831,7/30/2021,53,Consulting Fee,9174.69
INVC-82631,7/30/2019,54,Maintenance Fee,529.25
INVC-90881,6/26/2020,55,Maintenance Fee,576.7
INVC-99457,3/27/2019,56,Handling Fee,7646.59
INVC-24307,7/20/2020,57,Shipping and Handling,9666.72
INVC-99010,1/29/2021,58,Handling Fee,3899.33
INVC-74200,10/10/2020,59,Administrative Fee,2911.58
INVC-76039,6/26/2019,60,Installation Fee,9811.78
INVC-83582,1/27/2019,61,Early Payment Discount,5983.91
INVC-29498,4/15/2019,62,Handling Fee,141.88
INVC-85698,3/27/2020,63,Overage Charge,6543.15
INVC-92156,11/7/2021,64,Overage Charge,4402.67
INVC-30407,6/29/2019,65,Contract Termination Fee,3236.88
INVC-35532,5/2/2019,66,Overage Charge,3575.01
INVC-01851,12/2/2020,67,Refund,9786.9
INVC-77116,12/1/2021,68,Penalties,1684.75
INVC-10712,10/23/2019,69,Custom Charge,105.44
INVC-49024,8/7/2020,70,Installation Fee,3043.54
INVC-55913,5/4/2020,71,Maintenance Fee,4665.04
INVC-79733,5/11/2021,72,Refund,9946.22
INVC-75567,2/21/2019,73,Subscription Renewal,8311.82
INVC-69269,3/13/2021,74,Handling Fee,4613.99
INVC-85686,7/14/2021,75,Service Fee,9694.12
INVC-40050,4/23/2021,76,Contract Termination Fee,9253.35
INVC-02135,5/2/2021,77,Maintenance Fee,4191.23
INVC-72865,1/23/2020,78,Service Fee,1995.43
INVC-32832,4/1/2019,79,Service Fee,6690.46
INVC-83392,7/31/2019,80,Refund,2699.95
INVC-16833,10/15/2020,81,Adjustment,2930.01
INVC-05874,2/16/2020,82,Late Fee,7537.97
INVC-19413,3/4/2020,83,Service Fee,8765.78
INVC-50435,4/13/2020,84,Discount,8476.75
INVC-29648,1/2/2019,85,Maintenance Fee,4512.83
INVC-38622,1/21/2020,86,Installation Fee,4110.02
INVC-07175,9/2/2021,87,Late Fee,1201.42
INVC-59931,8/3/2021,88,Custom Charge,8556.12
INVC-01499,7/26/2020,89,Subscription Fee,3587.54
INVC-94863,8/7/2020,90,Service Fee,8215.33
INVC-31449,7/1/2020,91,Early Payment Discount,3209.12
INVC-92360,5/8/2019,92,Custom Charge,6976.91
INVC-35731,11/8/2019,93,Custom Charge,7568.88
INVC-75204,4/19/2021,94,Shipping and Handling,6255.6
INVC-23791,9/4/2020,95,Maintenance Fee,2884.8
INVC-37317,6/8/2019,96,Product Sale,1648.02
INVC-72494,6/9/2021,97,Subscription Fee,9519.4
INVC-30735,1/24/2020,98,Subscription Renewal,2589.5
INVC-70012,6/24/2019,99,Subscription Renewal,4365.76
INVC-12728,2/28/2021,100,Late Fee,4718.86
INVC-44494,2/10/2021,101,Late Fee,9350.85
INVC-17622,12/23/2019,102,Overage Charge,7957.7
INVC-09515,3/28/2020,103,Early Payment Discount,7996.55
INVC-76505,5/11/2019,104,Product Sale,1616.64
INVC-17884,11/1/2020,105,Maintenance Fee,3948.82
INVC-83200,10/13/2021,106,Administrative Fee,2586.82
INVC-72245,2/10/2021,107,Product Sale,2064.46
INVC-69053,5/14/2019,108,Penalties,3272.71
INVC-86148,6/26/2019,109,Shipping and Handling,4355.92
INVC-76770,12/16/2019,110,Subscription Fee,7471.55
INVC-78383,10/21/2019,111,Administrative Fee,233.85
INVC-13035,5/19/2019,112,Maintenance Fee,6274.37
INVC-24183,9/30/2021,113,Discount,7188.0
INVC-98238,10/15/2021,114,Maintenance Fee,2593.7
INVC-83687,8/5/2020,115,Subscription Renewal,8995.42
INVC-62251,1/1/2021,116,Penalties,2121.36
INVC-75880,6/17/2020,117,Consulting Fee,3159.41
INVC-61463,7/29/2020,118,Early Payment Discount,1859.99
INVC-65571,5/22/2020,119,Tax,4749.15
INVC-58109,5/10/2020,120,Overage Charge,3538.8
INVC-02836,3/10/2020,121,Maintenance Fee,9198.75
INVC-41936,11/14/2019,122,Subscription Fee,7353.15
INVC-03941,8/6/2021,123,Late Fee,2688.31
INVC-37253,10/20/2021,124,Shipping and Handling,2802.42
INVC-85997,1/12/2020,125,Administrative Fee,6494.83
INVC-42783,6/22/2021,126,Custom Charge,9987.07
INVC-43709,1/20/2021,127,Adjustment,685.41
INVC-57355,8/28/2021,128,Late Fee,8554.01
INVC-67114,10/7/2020,129,Penalties,609.77
INVC-79136,11/30/2021,130,Overage Charge,6823.61
INVC-57121,11/25/2019,131,Administrative Fee,8703.32
INVC-49699,1/6/2020,132,Maintenance Fee,6180.26
INVC-09928,9/11/2021,133,Adjustment,8238.87
INVC-31893,8/25/2019,134,Refund,689.08
INVC-72098,2/1/2020,135,Custom Charge,2600.37
INVC-51959,2/15/2021,136,Handling Fee,9950.84
INVC-75383,3/10/2019,137,Overage Charge,7914.3
INVC-22508,11/7/2019,138,Service Fee,5759.39
INVC-45132,12/9/2019,139,Adjustment,5771.07
INVC-60465,10/31/2019,140,Tax,2040.89
INVC-44645,1/8/2021,141,Subscription Fee,1970.64
INVC-06566,1/14/2019,142,Installation Fee,6941.28
INVC-24932,9/7/2019,143,Custom Charge,4294.07
INVC-29187,2/25/2020,144,Shipping and Handling,5952.13
INVC-33628,8/4/2021,145,Tax,486.77
INVC-60297,12/24/2020,146,Custom Charge,2245.08
INVC-12396,11/22/2021,147,Maintenance Fee,2625.15
INVC-89691,12/26/2020,148,Early Payment Discount,3969.0
INVC-30075,10/16/2020,149,Subscription Renewal,3544.46
INVC-40154,11/19/2020,150,Tax,47.25
INVC-88291,4/26/2021,151,Shipping and Handling,1133.04
INVC-21921,8/8/2019,152,Consulting Fee,4259.68
INVC-51324,11/25/2021,153,Maintenance Fee,2316.53
INVC-44646,3/18/2019,154,Maintenance Fee,2572.44
INVC-94084,8/14/2020,155,Discount,2894.03
INVC-68434,10/27/2019,156,Adjustment,1334.06
INVC-16313,2/3/2021,157,Installation Fee,6299.38
INVC-74930,1/12/2020,158,Handling Fee,9309.76
INVC-88325,7/26/2021,159,Penalties,4173.45
INVC-81714,2/5/2020,160,Penalties,5440.13
INVC-28783,11/28/2020,161,Installation Fee,3837.0
INVC-30861,5/25/2021,162,Discount,5030.8
INVC-09048,12/4/2019,163,Consulting Fee,3701.53
INVC-52402,10/26/2020,164,Refund,1122.36
INVC-49534,4/30/2019,165,Late Fee,7170.38
INVC-60479,10/14/2020,166,Maintenance Fee,5181.17
INVC-32006,6/3/2021,167,Adjustment,2685.33
INVC-94124,11/5/2021,168,Installation Fee,8345.66
INVC-43611,4/8/2021,169,Maintenance Fee,9940.14
INVC-47243,10/19/2021,170,Subscription Renewal,1765.34
INVC-49590,5/20/2020,171,Contract Termination Fee,546.18
INVC-91078,3/12/2021,172,Custom Charge,835.98
INVC-04684,2/27/2021,173,Tax,3910.48
INVC-42910,12/22/2021,174,Overage Charge,5976.03
INVC-81818,5/22/2019,175,Discount,5347.44
INVC-88909,9/17/2021,176,Service Fee,3900.82
INVC-32367,4/25/2019,177,Discount,3037.53
INVC-74816,7/13/2021,178,Handling Fee,9596.26
INVC-52819,1/16/2020,179,Service Fee,1538.97
INVC-59886,9/16/2021,180,Contract Termination Fee,8952.78
INVC-06293,10/3/2019,181,Early Payment Discount,4880.31
INVC-32411,11/19/2019,182,Penalties,9154.97
INVC-52985,2/22/2021,183,Service Fee,2808.55
INVC-05659,9/8/2021,184,Installation Fee,8553.59
INVC-47512,11/18/2019,185,Subscription Renewal,8284.56
INVC-32416,2/2/2019,186,Adjustment,4946.5
INVC-48350,6/12/2021,187,Subscription Renewal,2143.94
INVC-36448,3/23/2021,188,Shipping and Handling,115.09
INVC-13146,4/1/2021,189,Contract Termination Fee,8716.63
INVC-28704,4/16/2021,190,Subscription Fee,9466.28
INVC-59866,8/14/2019,191,Administrative Fee,3264.68
INVC-66206,3/8/2019,192,Consulting Fee,7049.98
INVC-34796,10/23/2020,193,Late Fee,4558.48
INVC-79395,5/14/2020,194,Tax,2701.62
INVC-48095,4/16/2019,195,Subscription Renewal,4585.99
INVC-55319,9/15/2020,196,Overage Charge,2350.36
INVC-58585,7/29/2020,197,Adjustment,5805.03
INVC-00755,12/9/2021,198,Contract Termination Fee,835.29
INVC-13220,2/3/2021,199,Administrative Fee,5638.09
INVC-35336,2/24/2021,200,Contract Termination Fee,725.64
INVC-56268,8/11/2020,201,Discount,3250.21
INVC-51632,2/6/2019,202,Refund,2781.29
INVC-39348,6/21/2021,203,Discount,3127.87
INVC-13363,3/4/2019,204,Shipping and Handling,5004.57
INVC-40678,4/30/2020,205,Adjustment,52.76
INVC-05482,5/10/2019,206,Penalties,5036.37
INVC-42027,11/18/2021,207,Consulting Fee,9400.26
INVC-83569,1/16/2020,208,Contract Termination Fee,2626.89
INVC-81218,6/16/2020,209,Product Sale,2414.39
INVC-84880,2/4/2020,210,Early Payment Discount,7584.6
INVC-98030,11/8/2019,211,Custom Charge,5048.9
INVC-89330,2/9/2020,212,Installation Fee,2706.54
INVC-34796,2/11/2021,213,Handling Fee,472.81
INVC-36038,12/16/2019,214,Contract Termination Fee,5375.3
INVC-12846,1/2/2019,215,Maintenance Fee,7473.34
INVC-03015,5/22/2021,216,Contract Termination Fee,9272.7
INVC-61263,3/2/2019,217,Handling Fee,3001.6
INVC-97911,9/1/2021,218,Custom Charge,5418.6
INVC-37698,8/4/2021,219,Custom Charge,6478.28
INVC-92214,8/3/2021,220,Administrative Fee,5644.29
INVC-75424,3/5/2019,221,Penalties,5492.18
INVC-30749,9/26/2020,222,Service Fee,8006.55
INVC-89871,2/19/2020,223,Early Payment Discount,2209.19
INVC-45349,4/19/2021,224,Subscription Renewal,1394.64
INVC-87684,4/12/2020,225,Penalties,3171.77
INVC-50081,5/30/2019,226,Tax,1474.51
INVC-54691,7/10/2020,227,Early Payment Discount,2448.49
INVC-11895,5/10/2020,228,Late Fee,5777.32
INVC-77252,4/15/2021,229,Handling Fee,645.98
INVC-56962,9/21/2019,230,Late Fee,3373.6
INVC-03756,3/25/2021,231,Custom Charge,2813.39
INVC-94669,10/28/2021,232,Maintenance Fee,425.72
INVC-14400,10/31/2021,233,Early Payment Discount,5074.15
INVC-79274,8/4/2021,234,Discount,1226.12
INVC-23533,6/6/2019,235,Maintenance Fee,9475.82
INVC-74217,1/8/2019,236,Custom Charge,1463.86
INVC-57309,11/19/2019,237,Overage Charge,8764.21
INVC-16362,12/21/2019,238,Late Fee,52.68
INVC-19552,9/5/2020,239,Early Payment Discount,976.02
INVC-62867,6/25/2019,240,Handling Fee,5959.56
INVC-72140,2/8/2021,241,Service Fee,2203.89
INVC-20550,4/3/2020,242,Refund,1091.43
INVC-40130,10/1/2021,243,Administrative Fee,4023.37
INVC-86239,2/2/2019,244,Refund,3128.07
INVC-36885,12/4/2021,245,Installation Fee,2305.35
INVC-07941,8/24/2021,246,Subscription Renewal,9146.13
INVC-32763,3/1/2019,247,Subscription Renewal,2585.61
INVC-61487,3/28/2019,248,Maintenance Fee,6133.18
INVC-65120,5/6/2021,249,Maintenance Fee,2218.27
INVC-85405,12/3/2021,250,Subscription Renewal,7249.82
INVC-03001,4/8/2019,251,Tax,3671.4
INVC-43823,8/27/2021,252,Custom Charge,6663.1
INVC-26579,2/22/2019,253,Custom Charge,8834.83
INVC-69967,5/9/2021,254,Overage Charge,7917.09
INVC-31969,7/29/2020,255,Subscription Renewal,2337.91
INVC-73814,1/26/2019,256,Late Fee,2338.48
INVC-44292,5/27/2019,257,Late Fee,7121.76
INVC-03786,7/27/2019,258,Early Payment Discount,9047.21
INVC-79939,3/2/2019,259,Product Sale,4269.79
INVC-67025,1/27/2019,260,Refund,3841.41
INVC-52553,9/5/2021,261,Installation Fee,6874.9
INVC-09368,5/16/2020,262,Handling Fee,1479.96
INVC-18230,1/28/2019,263,Maintenance Fee,5545.53
INVC-84967,12/6/2019,264,Subscription Fee,3203.57
INVC-33344,11/3/2020,265,Maintenance Fee,8433.69
INVC-50314,2/14/2021,266,Maintenance Fee,507.59
INVC-54082,9/13/2019,267,Shipping and Handling,5955.25
INVC-43754,3/2/2021,268,Product Sale,1791.22
INVC-67764,2/10/2020,269,Tax,9040.36
INVC-72136,3/25/2019,270,Adjustment,3792.57
INVC-36445,2/11/2019,271,Contract Termination Fee,7107.19
INVC-09639,7/2/2021,272,Penalties,1748.38
INVC-58811,7/19/2019,273,Late Fee,3562.49
INVC-33999,6/22/2019,274,Service Fee,8186.71
INVC-17060,3/23/2020,275,Subscription Fee,9454.6
INVC-77734,9/4/2021,276,Contract Termination Fee,815.93
INVC-76371,2/9/2021,277,Early Payment Discount,3942.93
INVC-65782,8/14/2021,278,Product Sale,7792.71
INVC-33813,9/14/2020,279,Early Payment Discount,851.5
INVC-98453,8/25/2019,280,Subscription Fee,6599.2
INVC-71260,3/3/2021,281,Maintenance Fee,1323.15
INVC-07790,6/25/2021,282,Subscription Renewal,3407.82
INVC-69260,7/8/2019,283,Subscription Fee,31.25
INVC-65752,1/17/2020,284,Handling Fee,118.54
INVC-86475,6/19/2021,285,Installation Fee,5302.17
INVC-49225,10/15/2021,286,Subscription Renewal,1616.33
INVC-17101,3/13/2021,287,Overage Charge,4337.37
INVC-09422,8/4/2020,288,Product Sale,7328.63
INVC-04270,8/6/2019,289,Overage Charge,8965.28
INVC-38111,4/14/2021,290,Tax,975.7
INVC-56879,8/15/2021,291,Subscription Fee,3627.78
INVC-16720,8/1/2020,292,Shipping and Handling,5859.68
INVC-64188,1/16/2019,293,Product Sale,8645.24
INVC-47831,6/2/2019,294,Penalties,706.21
INVC-34886,10/29/2019,295,Custom Charge,5228.31
INVC-88017,1/23/2019,296,Handling Fee,8119.49
INVC-13089,11/12/2019,297,Adjustment,3987.63
INVC-13424,9/3/2020,298,Subscription Renewal,5771.48
INVC-46048,7/12/2019,299,Overage Charge,1789.23
INVC-30269,11/9/2019,300,Installation Fee,726.7
INVC-78226,3/10/2020,301,Custom Charge,2259.68
INVC-33891,6/28/2021,302,Adjustment,268.85
INVC-78740,10/3/2019,303,Penalties,687.54
INVC-12824,12/13/2020,304,Subscription Fee,1048.05
INVC-87312,3/17/2019,305,Subscription Renewal,9867.78
INVC-22355,5/12/2019,306,Early Payment Discount,2426.47
INVC-93135,9/18/2020,307,Custom Charge,3247.66
INVC-19399,10/1/2021,308,Service Fee,3792.82
INVC-88611,11/8/2019,309,Tax,1903.6
INVC-99302,6/8/2021,310,Product Sale,2616.36
INVC-23507,2/17/2019,311,Shipping and Handling,9665.13
INVC-37705,9/17/2019,312,Installation Fee,214.95
INVC-67820,12/15/2020,313,Penalties,3135.87
INVC-04584,6/24/2020,314,Tax,260.38
INVC-67832,8/31/2020,315,Penalties,179.25
INVC-04319,11/30/2020,316,Consulting Fee,3513.09
INVC-31651,11/12/2021,317,Penalties,6093.24
INVC-40911,3/22/2020,318,Refund,3743.03
INVC-85873,9/4/2020,319,Subscription Renewal,1344.03
INVC-21284,8/16/2020,320,Penalties,5998.0
INVC-05681,12/6/2020,321,Service Fee,4761.81
INVC-41378,4/2/2021,322,Maintenance Fee,961.74
INVC-60434,10/12/2020,323,Refund,4833.81
INVC-37604,3/30/2021,324,Product Sale,5402.97
INVC-86452,10/23/2021,325,Product Sale,4367.82
INVC-14246,11/9/2020,326,Product Sale,6549.19
INVC-18491,12/4/2020,327,Penalties,8120.12
INVC-49499,4/16/2021,328,Overage Charge,1593.39
INVC-13475,4/5/2020,329,Adjustment,693.86
INVC-53273,12/21/2021,330,Subscription Fee,6093.33
INVC-77675,12/12/2021,331,Maintenance Fee,5761.46
INVC-14996,11/4/2019,332,Administrative Fee,3701.09
INVC-97689,4/17/2019,333,Product Sale,8722.19
INVC-97150,5/12/2021,334,Discount,2576.01
INVC-86056,9/5/2020,335,Product Sale,1673.69
INVC-17403,2/23/2019,336,Custom Charge,3604.84
INVC-63815,12/2/2021,337,Discount,5137.74
INVC-82351,12/31/2020,338,Discount,5332.55
INVC-55102,10/3/2021,339,Adjustment,1356.91
INVC-57164,11/19/2021,340,Consulting Fee,1078.92
INVC-53624,8/7/2019,341,Refund,729.15
INVC-19980,3/14/2021,342,Late Fee,3094.73
INVC-88915,10/26/2021,343,Subscription Fee,9249.37
INVC-75289,9/29/2020,344,Late Fee,250.06
INVC-86208,2/22/2021,345,Installation Fee,5946.1
INVC-10510,3/31/2020,346,Subscription Fee,2619.99
INVC-92724,7/19/2021,347,Late Fee,3293.27
INVC-65215,3/27/2019,348,Consulting Fee,6058.71
INVC-63450,11/20/2020,349,Penalties,7859.54
INVC-60926,10/18/2019,350,Service Fee,9083.51
INVC-79876,12/24/2020,351,Tax,2389.81
INVC-57978,10/2/2021,352,Early Payment Discount,3802.17
INVC-87095,6/21/2019,353,Administrative Fee,2195.11
INVC-23299,5/20/2021,354,Refund,1338.74
INVC-01661,8/12/2019,355,Penalties,4002.53
INVC-82965,8/31/2021,356,Handling Fee,3104.68
INVC-22678,12/29/2021,357,Contract Termination Fee,1584.05
INVC-72181,3/22/2019,358,Service Fee,4390.01
INVC-30630,10/12/2021,359,Contract Termination Fee,5435.83
INVC-84892,9/2/2020,360,Shipping and Handling,7314.87
INVC-12606,3/7/2021,361,Installation Fee,4050.27
INVC-94939,8/21/2021,362,Refund,4431.43
INVC-32808,3/4/2020,363,Penalties,5718.63
INVC-93713,12/12/2021,364,Late Fee,2897.66
INVC-92205,5/28/2021,365,Adjustment,6783.07
INVC-94495,9/29/2019,366,Refund,151.48
INVC-45904,5/26/2019,367,Consulting Fee,2881.08
INVC-78102,10/5/2019,368,Product Sale,3096.07
INVC-26377,11/16/2021,369,Shipping and Handling,5879.53
INVC-16717,7/1/2020,370,Contract Termination Fee,6676.01
INVC-98247,3/12/2019,371,Early Payment Discount,3621.72
INVC-55122,8/16/2019,372,Handling Fee,9465.68
INVC-68600,12/11/2019,373,Refund,5079.73
INVC-69747,1/12/2021,374,Contract Termination Fee,3471.7
INVC-11746,1/28/2021,375,Early Payment Discount,2800.19
INVC-12112,9/20/2019,376,Discount,4088.4
INVC-58356,7/13/2019,377,Discount,6080.87
INVC-79127,7/7/2019,378,Subscription Renewal,2605.34
INVC-34573,7/20/2021,379,Handling Fee,5766.65
INVC-99856,1/27/2019,380,Early Payment Discount,734.6
INVC-18547,8/30/2021,381,Consulting Fee,6351.87
INVC-05919,3/7/2021,382,Adjustment,8303.95
INVC-91568,10/5/2021,383,Refund,8290.9
INVC-73746,5/9/2020,384,Handling Fee,335.64
INVC-92593,2/5/2020,385,Product Sale,1320.83
INVC-73186,5/17/2019,386,Subscription Fee,1999.03
INVC-87473,5/29/2020,387,Maintenance Fee,6467.88
INVC-13460,6/8/2019,388,Administrative Fee,5752.82
INVC-45092,12/10/2019,389,Handling Fee,2387.7
INVC-95551,5/24/2020,390,Service Fee,5317.71
INVC-91874,2/1/2020,391,Custom Charge,8773.81
INVC-01819,10/9/2020,392,Late Fee,2755.67
INVC-66170,9/21/2019,393,Refund,7287.25
INVC-14162,7/15/2019,394,Tax,6050.42
INVC-98273,7/1/2019,395,Subscription Fee,1017.52
INVC-87792,12/6/2020,396,Contract Termination Fee,254.21
INVC-49247,8/27/2021,397,Late Fee,3820.61
INVC-99594,3/26/2019,398,Administrative Fee,660.16
INVC-73289,11/19/2020,399,Adjustment,1745.78
INVC-73689,12/9/2021,400,Adjustment,2349.55
INVC-49132,3/27/2019,401,Shipping and Handling,8758.86
INVC-20254,10/11/2019,402,Service Fee,2521.34
INVC-60030,11/20/2021,403,Overage Charge,2789.62
INVC-91996,8/14/2021,404,Subscription Renewal,5093.26
INVC-43362,7/13/2020,405,Subscription Fee,5568.88
INVC-36146,4/17/2021,406,Refund,2833.04
INVC-24787,3/8/2020,407,Adjustment,8572.36
INVC-67782,3/23/2021,408,Refund,587.8
INVC-19333,5/20/2020,409,Maintenance Fee,426.28
INVC-14956,11/23/2021,410,Discount,1585.41
INVC-20854,3/25/2020,411,Penalties,4910.87
INVC-19039,12/17/2021,412,Administrative Fee,6690.33
INVC-49990,8/1/2021,413,Installation Fee,8596.49
INVC-78811,6/11/2019,414,Installation Fee,9741.72
INVC-04177,10/15/2019,415,Late Fee,8475.87
INVC-04402,1/9/2020,416,Maintenance Fee,1376.73
INVC-08254,10/16/2019,417,Subscription Fee,782.87
INVC-81439,12/11/2021,418,Adjustment,7310.51
INVC-61213,3/6/2020,419,Overage Charge,6855.45
INVC-85797,3/23/2021,420,Subscription Renewal,5318.16
INVC-58960,4/11/2021,421,Installation Fee,1114.15
INVC-73385,1/4/2020,422,Consulting Fee,6274.42
INVC-66468,7/19/2021,423,Tax,1431.34
INVC-98517,7/15/2020,424,Consulting Fee,7628.2
INVC-98589,3/30/2021,425,Discount,6076.06
INVC-13366,2/3/2021,426,Early Payment Discount,5711.55
INVC-25056,9/26/2021,427,Adjustment,5165.48
INVC-53497,5/13/2021,428,Shipping and Handling,4823.59
INVC-53853,7/24/2020,429,Refund,9591.14
INVC-02389,10/11/2020,430,Overage Charge,1575.03
INVC-99765,6/22/2020,431,Subscription Renewal,3437.93
INVC-63779,1/26/2020,432,Discount,7264.33
INVC-01206,2/25/2019,433,Product Sale,9856.5
INVC-98185,12/25/2020,434,Shipping and Handling,97.55
INVC-11315,5/8/2019,435,Consulting Fee,6318.41
INVC-45499,9/7/2019,436,Subscription Fee,824.89
INVC-58669,11/18/2019,437,Installation Fee,4623.11
INVC-87780,9/6/2019,438,Subscription Renewal,6931.9
INVC-12512,8/27/2020,439,Overage Charge,7105.67
INVC-46632,5/17/2020,440,Penalties,7742.11
INVC-79124,12/15/2020,441,Shipping and Handling,3385.98
INVC-58215,9/11/2021,442,Custom Charge,6226.56
INVC-99308,8/8/2020,443,Maintenance Fee,4949.94
INVC-15011,5/25/2019,444,Administrative Fee,2656.76
INVC-36692,5/14/2021,445,Administrative Fee,2311.62
INVC-94817,2/6/2020,446,Service Fee,7404.62
INVC-01463,9/28/2021,447,Administrative Fee,1308.8
INVC-66463,11/18/2020,448,Shipping and Handling,9873.21
INVC-10375,5/5/2020,449,Adjustment,7877.86
INVC-87529,1/6/2021,450,Service Fee,1884.01
INVC-83913,3/12/2021,451,Administrative Fee,5517.92
INVC-59885,10/20/2020,452,Discount,3178.0
INVC-71349,3/21/2020,453,Penalties,6555.94
INVC-45462,5/13/2020,454,Penalties,4514.01
INVC-83598,2/6/2020,455,Administrative Fee,3575.26
INVC-61067,6/26/2021,456,Penalties,8958.59
INVC-76118,11/11/2021,457,Late Fee,5317.33
INVC-18335,2/21/2020,458,Shipping and Handling,9520.02
INVC-07880,6/4/2019,459,Consulting Fee,4088.96
INVC-07467,10/31/2019,460,Early Payment Discount,3905.17
INVC-53439,5/22/2021,461,Tax,1858.15
INVC-95148,8/18/2021,462,Handling Fee,6361.88
INVC-11858,12/13/2021,463,Subscription Fee,5893.53
INVC-69765,2/1/2020,464,Adjustment,2235.32
INVC-33452,1/23/2019,465,Penalties,9853.93
INVC-17771,12/3/2019,466,Installation Fee,9818.85
INVC-47210,12/20/2019,467,Service Fee,970.6
INVC-69949,2/13/2021,468,Contract Termination Fee,2913.47
INVC-68368,12/5/2021,469,Consulting Fee,4803.36
INVC-39219,10/14/2020,470,Early Payment Discount,5439.25
INVC-91872,5/17/2019,471,Tax,9363.59
INVC-07429,2/6/2021,472,Product Sale,5092.71
INVC-42428,6/27/2021,473,Administrative Fee,3917.52
INVC-73728,7/18/2021,474,Discount,7533.36
INVC-99195,9/29/2019,475,Service Fee,8062.29
INVC-89312,7/14/2020,476,Product Sale,9946.04
INVC-98825,6/14/2020,477,Penalties,737.8
INVC-68908,6/29/2021,478,Subscription Fee,3362.49
INVC-08095,4/25/2019,479,Custom Charge,2293.1
INVC-60791,10/28/2021,480,Penalties,2050.52
INVC-22260,10/4/2021,481,Product Sale,4078.72
INVC-86495,12/28/2019,482,Overage Charge,2698.62
INVC-67383,1/26/2019,483,Maintenance Fee,4998.33
INVC-73122,2/4/2019,484,Product Sale,6094.97
INVC-89345,6/4/2020,485,Service Fee,5931.69
INVC-80202,7/11/2021,486,Tax,4635.1
INVC-60688,8/24/2020,487,Early Payment Discount,2819.35
INVC-02805,2/14/2021,488,Installation Fee,9510.02
INVC-99902,5/27/2020,489,Handling Fee,3323.07
INVC-19190,10/3/2019,490,Contract Termination Fee,4186.1
INVC-49500,2/2/2020,491,Installation Fee,1895.55
INVC-40601,12/10/2020,492,Handling Fee,9612.94
INVC-08592,11/7/2019,493,Refund,5275.3
INVC-89221,3/31/2019,494,Overage Charge,1386.63
INVC-45465,2/13/2021,495,Shipping and Handling,768.85
INVC-83438,12/10/2019,496,Early Payment Discount,6940.48
INVC-48576,11/9/2020,497,Administrative Fee,3858.93
INVC-40265,9/30/2021,498,Discount,2149.56
INVC-09165,5/26/2020,499,Contract Termination Fee,8882.71
INVC-56487,6/12/2019,500,Tax,5338.03
INVC-52964,9/11/2020,501,Tax,2856.0
INVC-43201,7/3/2021,502,Discount,7950.47
INVC-69545,10/15/2021,503,Shipping and Handling,7360.41
INVC-38744,1/11/2020,504,Overage Charge,643.64
INVC-77270,5/7/2020,505,Handling Fee,9578.56
INVC-04062,3/18/2020,506,Installation Fee,7413.95
INVC-81836,4/19/2021,507,Late Fee,2581.24
INVC-40160,1/17/2020,508,Product Sale,2702.26
INVC-58785,7/23/2020,509,Custom Charge,3663.1
INVC-39565,6/10/2019,510,Product Sale,387.89
INVC-18785,3/4/2020,511,Contract Termination Fee,1996.64
INVC-89059,2/4/2021,512,Tax,9545.88
INVC-98873,8/25/2020,513,Subscription Fee,2743.06
INVC-28759,3/6/2021,514,Administrative Fee,6715.81
INVC-33994,5/7/2020,515,Subscription Renewal,3744.73
INVC-49646,12/15/2020,516,Administrative Fee,4155.27
INVC-15978,10/7/2021,517,Refund,5299.36
INVC-75886,9/29/2020,518,Subscription Renewal,6571.27
INVC-61612,12/22/2020,519,Early Payment Discount,3392.04
INVC-98632,5/21/2019,520,Overage Charge,6018.47
INVC-58126,12/24/2019,521,Shipping and Handling,2648.82
INVC-80546,12/28/2019,522,Discount,5066.91
INVC-00010,6/14/2020,523,Refund,1047.17
INVC-94717,8/16/2019,524,Overage Charge,6225.25
INVC-28470,9/14/2021,525,Overage Charge,8297.55
INVC-36817,12/22/2019,526,Contract Termination Fee,9138.58
INVC-21311,1/6/2020,527,Adjustment,5399.32
INVC-08410,1/20/2021,528,Penalties,6253.39
INVC-83173,7/18/2021,529,Administrative Fee,9394.3
INVC-48194,11/2/2020,530,Discount,673.65
INVC-06517,1/29/2020,531,Refund,398.54
INVC-06813,4/25/2021,532,Late Fee,3351.45
INVC-71063,10/12/2020,533,Early Payment Discount,7564.92
INVC-06237,4/17/2021,534,Subscription Fee,5457.69
INVC-57614,11/15/2021,535,Installation Fee,4217.3
INVC-08212,7/27/2019,536,Installation Fee,7456.49
INVC-14042,11/13/2021,537,Overage Charge,481.11
INVC-90638,11/12/2019,538,Custom Charge,7961.97
INVC-61552,8/13/2020,539,Installation Fee,5555.01
INVC-53107,3/22/2019,540,Contract Termination Fee,1617.18
INVC-99793,3/25/2019,541,Administrative Fee,7448.56
INVC-63053,4/29/2020,542,Early Payment Discount,3356.06
INVC-74477,1/22/2019,543,Handling Fee,5060.93
INVC-77823,1/28/2020,544,Overage Charge,4395.74
INVC-82618,10/10/2020,545,Discount,393.88
INVC-04649,1/17/2019,546,Custom Charge,4848.96
INVC-89574,12/16/2020,547,Installation Fee,7172.43
INVC-66398,11/13/2020,548,Early Payment Discount,2107.41
INVC-60617,9/1/2019,549,Overage Charge,8720.77
INVC-33307,5/24/2020,550,Service Fee,8549.12
INVC-68793,2/8/2021,551,Service Fee,1098.3
INVC-12114,2/2/2021,552,Subscription Renewal,3180.36
INVC-48531,8/7/2019,553,Service Fee,4204.24
INVC-25603,12/7/2019,554,Shipping and Handling,3427.71
INVC-11001,6/14/2021,555,Late Fee,7409.32
INVC-86653,3/15/2020,556,Discount,1007.14
INVC-53915,10/21/2021,557,Maintenance Fee,9682.11
INVC-36016,11/20/2021,558,Consulting Fee,169.36
INVC-77918,12/29/2021,559,Discount,7659.26
INVC-32654,11/14/2019,560,Shipping and Handling,9169.24
INVC-48513,5/6/2021,561,Subscription Fee,4888.44
INVC-56190,10/19/2019,562,Product Sale,872.21
INVC-79868,11/9/2020,563,Late Fee,4513.68
INVC-13871,4/6/2020,564,Tax,6610.98
INVC-04819,12/15/2019,565,Administrative Fee,8081.69
INVC-98388,7/24/2019,566,Contract Termination Fee,4527.96
INVC-16474,7/31/2020,567,Subscription Fee,8823.69
INVC-53238,8/27/2019,568,Shipping and Handling,9244.99
INVC-48951,2/20/2020,569,Refund,4735.57
INVC-61904,8/9/2019,570,Service Fee,2845.53
INVC-87691,2/13/2020,571,Installation Fee,4267.89
INVC-59316,9/17/2020,572,Penalties,5382.18
INVC-19273,9/2/2020,573,Custom Charge,295.91
INVC-57161,8/14/2020,574,Service Fee,3828.35
INVC-60314,5/30/2020,575,Shipping and Handling,6433.69
INVC-97789,9/21/2021,576,Discount,5990.89
INVC-12897,11/27/2019,577,Administrative Fee,1894.42
INVC-07400,10/4/2020,578,Late Fee,8689.88
INVC-07168,8/14/2021,579,Handling Fee,4516.11
INVC-74523,11/6/2021,580,Administrative Fee,4199.35
INVC-82903,4/20/2019,581,Product Sale,9208.08
INVC-77707,3/22/2021,582,Discount,4186.65
INVC-97046,11/22/2020,583,Maintenance Fee,7172.99
INVC-12548,8/6/2019,584,Discount,5587.12
INVC-35630,10/27/2020,585,Early Payment Discount,3730.46
INVC-31599,12/3/2021,586,Subscription Fee,7446.05
INVC-39551,7/27/2020,587,Refund,1261.13
INVC-64644,2/26/2021,588,Adjustment,5501.44
INVC-33966,6/20/2021,589,Handling Fee,86.29
INVC-14794,9/8/2020,590,Discount,8318.58
INVC-86611,2/6/2019,591,Administrative Fee,4343.09
INVC-06205,9/27/2020,592,Shipping and Handling,7653.23
INVC-86005,9/20/2021,593,Handling Fee,3385.04
INVC-79050,2/23/2019,594,Installation Fee,3567.67
INVC-42873,8/2/2020,595,Overage Charge,4558.75
INVC-12665,4/23/2021,596,Tax,8940.27
INVC-10756,8/19/2019,597,Tax,5119.46
INVC-83881,10/24/2021,598,Administrative Fee,1997.66
INVC-40394,5/3/2020,599,Service Fee,27.71
INVC-13241,6/10/2020,600,Refund,5032.71
INVC-90063,9/22/2021,601,Adjustment,5973.79
INVC-33777,2/13/2020,602,Administrative Fee,7533.77
INVC-26901,11/2/2020,603,Penalties,8141.35
INVC-82881,5/11/2020,604,Subscription Fee,7750.99
INVC-44591,9/4/2019,605,Subscription Fee,4175.59
INVC-68836,8/26/2020,606,Consulting Fee,4825.26
INVC-29226,2/11/2020,607,Discount,8006.84
INVC-81852,9/14/2021,608,Refund,5341.83
INVC-68013,5/18/2021,609,Maintenance Fee,6618.93
INVC-28193,3/10/2021,610,Late Fee,1713.35
INVC-92172,2/26/2020,611,Late Fee,4351.65
INVC-38836,5/3/2019,612,Product Sale,2449.72
INVC-20962,3/12/2021,613,Subscription Renewal,497.21
INVC-98892,12/3/2019,614,Tax,932.86
INVC-64732,10/31/2020,615,Consulting Fee,4658.28
INVC-54921,2/2/2020,616,Handling Fee,8256.67
INVC-50162,7/10/2019,617,Penalties,4144.79
INVC-68064,9/12/2021,618,Tax,4468.13
INVC-09628,9/28/2020,619,Product Sale,4343.62
INVC-35781,9/16/2020,620,Tax,7093.9
INVC-81161,10/15/2019,621,Maintenance Fee,9092.88
INVC-81120,12/13/2020,622,Service Fee,7781.68
INVC-98409,1/16/2021,623,Maintenance Fee,6089.89
INVC-60542,12/13/2019,624,Refund,897.46
INVC-76053,11/21/2020,625,Installation Fee,3373.68
INVC-50798,3/24/2021,626,Contract Termination Fee,9003.01
INVC-61289,11/9/2019,627,Installation Fee,2874.33
INVC-47667,3/20/2019,628,Early Payment Discount,3559.65
INVC-03631,9/14/2021,629,Early Payment Discount,5677.88
INVC-52222,11/18/2020,630,Penalties,8082.39
INVC-05016,2/24/2019,631,Early Payment Discount,6200.56
INVC-85300,4/19/2020,632,Service Fee,3971.48
INVC-60038,3/5/2019,633,Tax,1360.74
INVC-61399,6/11/2021,634,Overage Charge,1416.9
INVC-54902,5/31/2021,635,Handling Fee,8257.22
INVC-51795,1/30/2019,636,Handling Fee,8909.8
INVC-71467,4/15/2020,637,Service Fee,9604.95
INVC-96498,7/9/2021,638,Discount,8388.68
INVC-48461,8/26/2021,639,Overage Charge,2383.51
INVC-05003,3/11/2019,640,Administrative Fee,133.37
INVC-33557,5/20/2020,641,Discount,2680.28
INVC-17280,10/23/2019,642,Early Payment Discount,4036.39
INVC-87695,12/8/2020,643,Maintenance Fee,3727.12
INVC-19251,11/21/2019,644,Discount,8457.78
INVC-81940,10/20/2021,645,Consulting Fee,8332.31
INVC-21100,4/8/2019,646,Adjustment,2835.8
INVC-54901,2/20/2019,647,Handling Fee,9429.48
INVC-92013,8/29/2020,648,Overage Charge,4531.29
INVC-56213,4/5/2020,649,Shipping and Handling,3471.49
INVC-52404,2/22/2020,650,Tax,9385.73
INVC-18505,5/6/2021,651,Maintenance Fee,3540.83
INVC-20782,7/20/2021,652,Consulting Fee,9587.82
INVC-59116,7/13/2021,653,Late Fee,3227.44
INVC-76614,2/7/2019,654,Penalties,9723.44
INVC-95400,2/9/2020,655,Contract Termination Fee,3186.34
INVC-04383,12/1/2020,656,Administrative Fee,7491.07
INVC-02980,1/12/2021,657,Product Sale,9104.78
INVC-52412,4/12/2020,658,Overage Charge,194.82
INVC-94374,8/13/2019,659,Adjustment,3111.55
INVC-84712,3/24/2021,660,Subscription Fee,9437.02
INVC-20535,5/17/2020,661,Administrative Fee,8314.07
INVC-20830,12/19/2019,662,Discount,4990.88
INVC-84584,2/26/2021,663,Custom Charge,5614.3
INVC-67932,10/22/2021,664,Penalties,8656.53
INVC-02223,5/25/2020,665,Administrative Fee,9808.38
INVC-92949,11/26/2021,666,Handling Fee,2298.88
INVC-09239,2/6/2019,667,Handling Fee,473.44
INVC-53094,6/15/2020,668,Handling Fee,1561.14
INVC-90982,4/1/2020,669,Overage Charge,1333.37
INVC-92098,5/16/2021,670,Refund,8088.12
INVC-98633,10/17/2019,671,Maintenance Fee,8149.25
INVC-70196,12/14/2021,672,Contract Termination Fee,5785.6
INVC-52802,4/25/2021,673,Refund,6581.14
INVC-57294,11/20/2019,674,Adjustment,1222.74
INVC-29573,3/8/2019,675,Handling Fee,5188.74
INVC-36953,5/4/2019,676,Maintenance Fee,7764.77
INVC-52438,6/19/2020,677,Custom Charge,4235.53
INVC-48381,6/16/2019,678,Overage Charge,7907.53
INVC-00317,11/21/2019,679,Contract Termination Fee,2882.58
INVC-94157,2/2/2020,680,Subscription Renewal,2880.69
INVC-93281,2/19/2020,681,Overage Charge,3147.92
INVC-30134,2/23/2019,682,Subscription Renewal,2662.48
INVC-52281,9/12/2021,683,Adjustment,5612.28
INVC-88505,6/21/2020,684,Installation Fee,2009.53
INVC-69170,9/2/2019,685,Late Fee,1508.14
INVC-83058,2/5/2019,686,Subscription Renewal,9877.08
INVC-96783,3/17/2020,687,Refund,8874.52
INVC-23946,10/20/2019,688,Contract Termination Fee,6060.04
INVC-75310,6/6/2019,689,Subscription Fee,6839.5
INVC-92342,5/29/2019,690,Late Fee,9043.94
INVC-93557,8/2/2021,691,Installation Fee,1161.6
INVC-00977,10/13/2021,692,Late Fee,6211.52
INVC-60850,2/26/2019,693,Overage Charge,3739.44
INVC-19827,11/16/2021,694,Installation Fee,9722.29
INVC-54647,9/10/2020,695,Discount,4922.64
INVC-92848,5/17/2020,696,Refund,5945.56
INVC-89486,11/12/2020,697,Discount,2418.45
INVC-21942,1/24/2020,698,Custom Charge,1769.67
INVC-98212,12/20/2021,699,Custom Charge,5612.13
INVC-57702,9/9/2019,700,Refund,5801.3
INVC-34313,11/25/2020,701,Administrative Fee,4597.12
INVC-29707,3/6/2021,702,Consulting Fee,14.99
INVC-61201,11/26/2021,703,Subscription Renewal,4723.39
INVC-48667,2/14/2019,704,Service Fee,5407.91
INVC-45247,4/2/2021,705,Adjustment,465.6
INVC-51188,9/25/2020,706,Contract Termination Fee,7154.88
INVC-91240,2/3/2019,707,Maintenance Fee,8223.7
INVC-06886,9/22/2021,708,Penalties,9623.7
INVC-69741,12/21/2019,709,Service Fee,5152.82
INVC-41385,5/31/2019,710,Service Fee,4952.86
INVC-25740,4/30/2020,711,Administrative Fee,7733.47
INVC-15394,7/31/2020,712,Early Payment Discount,1564.25
INVC-50845,3/26/2021,713,Custom Charge,1064.18
INVC-28796,12/2/2021,714,Contract Termination Fee,4627.09
INVC-95324,9/6/2019,715,Overage Charge,558.93
INVC-69437,4/19/2021,716,Early Payment Discount,7665.26
INVC-25470,11/26/2020,717,Administrative Fee,5984.42
INVC-71660,10/9/2019,718,Consulting Fee,6633.05
INVC-22319,10/10/2019,719,Early Payment Discount,9317.73
INVC-22914,11/25/2020,720,Product Sale,6488.46
INVC-04852,9/14/2019,721,Installation Fee,5484.24
INVC-98101,3/11/2019,722,Custom Charge,8399.42
INVC-02123,2/15/2019,723,Refund,8359.28
INVC-04752,12/16/2021,724,Contract Termination Fee,1712.91
INVC-79344,8/24/2020,725,Subscription Renewal,4923.15
INVC-13303,5/18/2021,726,Product Sale,9528.72
INVC-37192,5/9/2020,727,Custom Charge,4569.83
INVC-54693,7/2/2019,728,Subscription Renewal,5419.35
INVC-35763,5/8/2020,729,Late Fee,1549.11
INVC-94578,4/24/2020,730,Installation Fee,7742.46
INVC-65777,7/8/2019,731,Handling Fee,3409.58
INVC-92370,7/24/2020,732,Administrative Fee,3611.43
INVC-09379,9/3/2019,733,Subscription Fee,567.13
INVC-61315,8/2/2020,734,Shipping and Handling,7369.49
INVC-66901,7/25/2020,735,Subscription Renewal,3864.88
INVC-95248,9/9/2021,736,Shipping and Handling,9812.95
INVC-54385,7/14/2020,737,Maintenance Fee,3658.89
INVC-73102,8/2/2019,738,Tax,9506.34
INVC-55932,6/1/2020,739,Adjustment,7894.06
INVC-94973,12/26/2021,740,Maintenance Fee,7125.67
INVC-53806,3/5/2019,741,Refund,6784.96
INVC-48915,2/4/2021,742,Late Fee,4370.45
INVC-20648,12/18/2021,743,Maintenance Fee,4574.97
INVC-98432,9/24/2019,744,Penalties,5007.33
INVC-21644,6/18/2021,745,Overage Charge,8125.54
INVC-04836,1/14/2020,746,Custom Charge,5258.47
INVC-04157,1/9/2019,747,Late Fee,526.08
INVC-38865,10/23/2021,748,Administrative Fee,3033.89
INVC-64122,12/2/2020,749,Consulting Fee,5183.25
INVC-64720,3/22/2020,750,Discount,3778.86
INVC-33371,2/5/2021,751,Installation Fee,6467.48
INVC-35633,9/9/2021,752,Adjustment,2767.64
INVC-70192,4/22/2020,753,Product Sale,9345.83
INVC-04336,10/29/2020,754,Service Fee,4028.04
INVC-22441,5/19/2020,755,Refund,9683.17
INVC-37434,11/16/2020,756,Handling Fee,6024.94
INVC-34705,7/18/2020,757,Maintenance Fee,3971.2
INVC-42777,3/29/2021,758,Early Payment Discount,2811.59
INVC-64479,4/9/2021,759,Handling Fee,2101.02
INVC-30872,5/28/2019,760,Early Payment Discount,4527.28
INVC-12681,2/28/2019,761,Subscription Renewal,6717.47
INVC-87860,9/7/2020,762,Handling Fee,5967.78
INVC-40590,5/19/2019,763,Late Fee,1864.02
INVC-62736,9/6/2019,764,Handling Fee,6651.06
INVC-79541,12/30/2020,765,Maintenance Fee,8605.69
INVC-28785,1/7/2020,766,Installation Fee,5529.43
INVC-45253,11/2/2020,767,Administrative Fee,5481.06
INVC-40536,12/16/2019,768,Overage Charge,1729.06
INVC-06413,7/30/2021,769,Installation Fee,4366.34
INVC-41344,9/8/2019,770,Refund,2216.11
INVC-93180,7/19/2021,771,Contract Termination Fee,998.43
INVC-26360,1/16/2021,772,Maintenance Fee,4813.23
INVC-87407,4/26/2021,773,Penalties,1614.03
INVC-39028,4/5/2020,774,Subscription Renewal,6218.41
INVC-97784,6/22/2019,775,Consulting Fee,8987.68
INVC-68353,12/5/2020,776,Administrative Fee,7443.8
INVC-68936,5/8/2019,777,Shipping and Handling,5394.17
INVC-79675,8/27/2020,778,Service Fee,3199.36
INVC-46221,10/18/2019,779,Early Payment Discount,2447.84
INVC-13278,5/15/2021,780,Custom Charge,5453.8
INVC-27865,5/30/2021,781,Installation Fee,2213.2
INVC-10155,8/29/2021,782,Discount,8954.07
INVC-17247,2/1/2019,783,Consulting Fee,6641.48
INVC-16414,11/29/2020,784,Overage Charge,6706.44
INVC-56422,2/17/2020,785,Early Payment Discount,7134.57
INVC-78991,1/20/2020,786,Overage Charge,6569.98
INVC-56897,1/12/2020,787,Administrative Fee,6838.95
INVC-48746,6/19/2021,788,Refund,5851.0
INVC-57593,5/5/2020,789,Subscription Renewal,103.26
INVC-62580,12/13/2021,790,Service Fee,834.64
INVC-15907,4/24/2019,791,Early Payment Discount,8014.0
INVC-95213,12/11/2020,792,Early Payment Discount,6953.64
INVC-98364,5/25/2019,793,Subscription Fee,6716.65
INVC-64064,12/22/2021,794,Consulting Fee,4197.96
INVC-35535,5/8/2021,795,Early Payment Discount,5318.16
INVC-58705,7/8/2021,796,Product Sale,2744.27
INVC-66158,3/18/2020,797,Early Payment Discount,6369.71
INVC-57628,7/12/2021,798,Subscription Renewal,6349.41
INVC-32067,8/18/2019,799,Installation Fee,6699.04
INVC-52409,2/26/2021,800,Shipping and Handling,5125.58
INVC-09687,1/5/2019,801,Early Payment Discount,3512.2
INVC-93233,6/14/2020,802,Service Fee,6542.04
INVC-84802,2/27/2020,803,Shipping and Handling,2785.9
INVC-08411,10/27/2019,804,Consulting Fee,4592.11
INVC-87331,6/14/2021,805,Late Fee,5726.39
INVC-90437,5/5/2020,806,Custom Charge,34.45
INVC-77849,3/11/2019,807,Subscription Renewal,6906.08
INVC-69471,11/13/2020,808,Early Payment Discount,2842.25
INVC-56644,6/7/2021,809,Tax,6443.72
INVC-61909,8/17/2021,810,Overage Charge,9577.49
INVC-73454,8/22/2020,811,Product Sale,885.4
INVC-10259,11/30/2021,812,Subscription Renewal,1822.01
INVC-38742,4/23/2019,813,Refund,4767.47
INVC-80705,9/1/2020,814,Contract Termination Fee,937.79
INVC-92230,8/22/2019,815,Discount,7239.59
INVC-58831,11/1/2020,816,Overage Charge,4222.06
INVC-99374,3/1/2021,817,Late Fee,3777.35
INVC-37456,3/20/2019,818,Tax,5580.02
INVC-20631,6/4/2021,819,Subscription Renewal,5894.77
INVC-19697,1/22/2020,820,Adjustment,4052.22
INVC-52314,4/14/2019,821,Custom Charge,1809.21
INVC-24212,2/16/2020,822,Custom Charge,1633.08
INVC-26703,5/6/2019,823,Discount,9815.39
INVC-43246,9/4/2021,824,Consulting Fee,1001.9
INVC-94026,10/14/2021,825,Tax,5481.87
INVC-03750,4/9/2021,826,Early Payment Discount,4073.29
INVC-17766,6/10/2021,827,Adjustment,2739.45
INVC-67441,11/18/2021,828,Discount,1706.56
INVC-98807,3/27/2021,829,Subscription Renewal,4793.7
INVC-65326,11/19/2021,830,Subscription Fee,7565.73
INVC-16673,8/16/2019,831,Subscription Renewal,2957.62
INVC-07875,6/29/2019,832,Consulting Fee,6333.07
INVC-10095,4/14/2021,833,Early Payment Discount,961.75
INVC-11326,4/24/2020,834,Product Sale,4044.77
INVC-61389,7/29/2020,835,Shipping and Handling,7669.74
INVC-77599,4/15/2019,836,Refund,9825.66
INVC-57275,7/27/2019,837,Adjustment,7201.63
INVC-94913,8/21/2021,838,Service Fee,6512.34
INVC-43679,1/8/2019,839,Contract Termination Fee,1638.88
INVC-57205,12/21/2021,840,Late Fee,432.96
INVC-86698,11/9/2021,841,Consulting Fee,8881.56
INVC-24321,6/25/2021,842,Product Sale,2758.7
INVC-10488,7/1/2021,843,Penalties,1831.07
INVC-67242,9/27/2020,844,Subscription Fee,8311.0
INVC-68088,12/3/2020,845,Installation Fee,3742.43
INVC-38869,10/15/2021,846,Adjustment,9876.16
INVC-22567,1/3/2020,847,Administrative Fee,5084.9
INVC-06905,9/20/2021,848,Maintenance Fee,3627.54
INVC-39621,11/4/2020,849,Penalties,8356.71
INVC-77535,9/18/2019,850,Penalties,3021.02
INVC-73546,10/21/2019,851,Penalties,2030.14
INVC-77823,8/13/2019,852,Discount,870.13
INVC-26839,3/30/2021,853,Subscription Renewal,7183.61
INVC-25154,9/20/2020,854,Adjustment,4226.44
INVC-64014,4/23/2020,855,Consulting Fee,91.32
INVC-17316,4/9/2020,856,Refund,2685.19
INVC-45785,7/16/2019,857,Subscription Fee,988.19
INVC-77601,7/6/2021,858,Overage Charge,3195.28
INVC-48992,3/18/2020,859,Subscription Fee,7751.69
INVC-51368,3/21/2021,860,Overage Charge,1497.15
INVC-77505,2/3/2019,861,Consulting Fee,241.13
INVC-90108,4/13/2020,862,Discount,3802.47
INVC-22521,11/30/2021,863,Subscription Fee,4850.94
INVC-00656,10/19/2019,864,Contract Termination Fee,1479.52
INVC-01835,7/18/2020,865,Installation Fee,9159.26
INVC-79486,6/1/2019,866,Consulting Fee,2582.35
INVC-07389,12/1/2020,867,Handling Fee,2042.65
INVC-53840,8/2/2020,868,Early Payment Discount,1750.63
INVC-24206,9/15/2019,869,Early Payment Discount,678.25
INVC-00347,2/2/2020,870,Administrative Fee,7266.35
INVC-95912,9/2/2021,871,Penalties,9899.95
INVC-14381,9/21/2019,872,Late Fee,7038.42
INVC-69223,7/28/2019,873,Adjustment,7008.77
INVC-41898,10/28/2019,874,Installation Fee,4263.14
INVC-55285,10/15/2019,875,Penalties,5542.78
INVC-19583,9/10/2021,876,Maintenance Fee,2912.31
INVC-55925,4/19/2019,877,Installation Fee,4654.95
INVC-69435,9/25/2020,878,Consulting Fee,3624.02
INVC-58251,5/12/2020,879,Subscription Renewal,8831.78
INVC-65118,3/7/2021,880,Contract Termination Fee,2911.06
INVC-29179,10/2/2019,881,Contract Termination Fee,4202.25
INVC-23326,11/13/2019,882,Tax,5414.71
INVC-80965,2/2/2020,883,Custom Charge,7375.08
INVC-96783,2/19/2021,884,Refund,3777.52
INVC-17497,2/7/2021,885,Early Payment Discount,805.3
INVC-82940,8/20/2020,886,Administrative Fee,7826.03
INVC-20972,11/8/2019,887,Service Fee,1752.08
INVC-22949,9/23/2021,888,Adjustment,259.13
INVC-23117,5/22/2021,889,Subscription Fee,5013.15
INVC-00275,11/18/2019,890,Subscription Fee,4225.1
INVC-11453,4/18/2019,891,Contract Termination Fee,6467.92
INVC-67320,11/16/2021,892,Penalties,8163.06
INVC-31572,11/28/2021,893,Custom Charge,5668.77
INVC-86234,12/8/2021,894,Handling Fee,8358.12
INVC-53879,7/28/2019,895,Maintenance Fee,2606.48
INVC-24648,1/9/2021,896,Maintenance Fee,426.21
INVC-10496,1/16/2019,897,Administrative Fee,317.37
INVC-21681,8/10/2020,898,Consulting Fee,4.68
INVC-77016,10/2/2019,899,Subscription Renewal,6394.45
INVC-97302,4/1/2019,900,Custom Charge,5821.03
INVC-72294,8/22/2020,901,Contract Termination Fee,4692.34
INVC-18745,10/31/2019,902,Handling Fee,5497.03
INVC-21479,8/19/2020,903,Overage Charge,5176.51
INVC-13729,5/15/2019,904,Handling Fee,1041.62
INVC-86255,6/11/2021,905,Subscription Fee,2828.86
INVC-71831,3/5/2020,906,Consulting Fee,2597.05
INVC-55757,10/28/2019,907,Contract Termination Fee,849.46
INVC-79814,9/11/2020,908,Discount,8840.47
INVC-51137,6/13/2021,909,Consulting Fee,4589.55
INVC-36980,10/14/2020,910,Refund,4577.59
INVC-40002,9/23/2020,911,Subscription Fee,208.96
INVC-29450,11/28/2021,912,Contract Termination Fee,8585.05
INVC-22147,1/19/2020,913,Early Payment Discount,2508.74
INVC-06553,5/17/2020,914,Late Fee,7655.14
INVC-01627,1/8/2019,915,Penalties,5049.12
INVC-14762,11/4/2020,916,Refund,4547.84
INVC-01488,12/20/2021,917,Installation Fee,8802.34
INVC-33751,8/16/2019,918,Penalties,2949.47
INVC-29580,6/26/2019,919,Handling Fee,327.97
INVC-27969,3/31/2020,920,Product Sale,1120.95
INVC-50233,7/18/2020,921,Maintenance Fee,3072.75
INVC-10145,5/17/2019,922,Custom Charge,6472.85
INVC-34125,1/23/2019,923,Handling Fee,3138.74
INVC-07991,7/26/2019,924,Subscription Fee,3844.68
INVC-65699,11/19/2020,925,Tax,9958.81
INVC-34322,3/22/2019,926,Product Sale,8494.62
INVC-74441,4/2/2021,927,Administrative Fee,6903.54
INVC-63166,6/18/2019,928,Discount,1831.1
INVC-37601,9/5/2019,929,Tax,7829.1
INVC-68536,10/29/2019,930,Service Fee,4022.56
INVC-39556,2/20/2021,931,Handling Fee,7322.08
INVC-32164,2/7/2019,932,Service Fee,6589.73
INVC-37941,10/24/2019,933,Contract Termination Fee,3087.17
INVC-88673,10/7/2021,934,Administrative Fee,1440.44
INVC-98813,8/14/2020,935,Handling Fee,2794.9
INVC-40652,1/25/2021,936,Product Sale,2804.79
INVC-51804,9/1/2019,937,Product Sale,3332.88
INVC-94735,5/25/2021,938,Early Payment Discount,3947.23
INVC-76369,3/18/2019,939,Penalties,2234.91
INVC-15045,11/3/2021,940,Adjustment,7620.2
INVC-79187,9/14/2021,941,Subscription Fee,530.48
INVC-25228,3/5/2020,942,Administrative Fee,6747.32
INVC-21398,4/2/2021,943,Early Payment Discount,3319.45
INVC-55027,5/26/2020,944,Refund,9056.62
INVC-13485,1/6/2019,945,Refund,1273.45
INVC-15903,3/19/2019,946,Refund,9896.77
INVC-77314,5/30/2020,947,Tax,9990.86
INVC-81515,7/2/2021,948,Penalties,1447.22
INVC-85036,12/17/2019,949,Service Fee,497.13
INVC-76484,2/11/2019,950,Tax,6526.83
INVC-91790,3/5/2019,951,Refund,5538.71
INVC-24734,5/29/2021,952,Maintenance Fee,3852.72
INVC-07526,3/13/2021,953,Service Fee,592.83
INVC-08449,11/4/2021,954,Early Payment Discount,4176.86
INVC-29328,7/22/2021,955,Subscription Fee,3503.21
INVC-83073,2/21/2019,956,Consulting Fee,2281.8
INVC-76084,12/17/2021,957,Shipping and Handling,5590.24
INVC-98892,5/27/2019,958,Overage Charge,7490.78
INVC-16396,2/8/2020,959,Installation Fee,3787.95
INVC-21669,8/16/2020,960,Administrative Fee,9219.19
INVC-98496,1/21/2020,961,Adjustment,2370.17
INVC-34737,12/21/2021,962,Maintenance Fee,2572.27
INVC-15891,11/3/2019,963,Administrative Fee,5081.18
INVC-63996,1/13/2021,964,Overage Charge,5885.61
INVC-96370,10/3/2021,965,Early Payment Discount,2411.36
INVC-45678,1/23/2020,966,Product Sale,892.17
INVC-79512,9/21/2020,967,Service Fee,6146.08
INVC-45045,5/9/2019,968,Installation Fee,4830.36
INVC-95673,3/30/2021,969,Contract Termination Fee,6545.7
INVC-94253,8/20/2019,970,Refund,8790.64
INVC-51909,1/4/2019,971,Consulting Fee,8993.82
INVC-14701,2/15/2019,972,Custom Charge,1342.16
INVC-73083,1/5/2021,973,Discount,6054.89
INVC-41671,11/20/2020,974,Adjustment,4085.82
INVC-95085,6/7/2020,975,Overage Charge,260.91
INVC-51957,1/14/2019,976,Discount,2342.1
INVC-97394,11/25/2019,977,Handling Fee,5826.16
INVC-14376,6/9/2020,978,Penalties,8102.38
INVC-99704,6/10/2021,979,Service Fee,7143.15
INVC-26908,7/15/2020,980,Installation Fee,4005.74
INVC-29897,6/4/2020,981,Custom Charge,4176.17
INVC-23936,6/18/2020,982,Penalties,5206.66
INVC-52067,9/10/2019,983,Penalties,4266.67
INVC-19894,7/31/2020,984,Administrative Fee,4447.22
INVC-21454,11/10/2020,985,Subscription Fee,2374.29
INVC-51158,10/29/2019,986,Installation Fee,7338.42
INVC-99016,4/30/2021,987,Product Sale,113.31
INVC-45112,10/16/2019,988,Contract Termination Fee,1578.43
INVC-13727,7/9/2020,989,Product Sale,2358.54
INVC-95144,10/21/2020,990,Subscription Fee,1465.63
INVC-77783,12/10/2019,991,Shipping and Handling,829.35
INVC-58087,4/19/2021,992,Penalties,4614.61
INVC-16498,11/12/2019,993,Penalties,6118.6
INVC-27984,4/11/2019,994,Subscription Fee,3507.86
INVC-05819,5/11/2020,995,Maintenance Fee,6934.06
INVC-45492,8/27/2020,996,Contract Termination Fee,6632.19
INVC-61216,6/6/2021,997,Consulting Fee,856.65
INVC-61526,11/4/2019,998,Late Fee,3669.06
INVC-14070,5/31/2020,999,Shipping and Handling,8105.09
INVC-27900,2/13/2020,1000,Product Sale,9419.33
